<?xml version="1.0" encoding="UTF-8"?>
<GenRun Id="synth_1" LaunchPart="xc7a35tcpg236-3" LaunchTime="1700385618" LaunchIncrCheckpoint="$PSRCDIR/utils_1/imports/synth_1/ahd_6463_risc_v.dcp">
  <File Type="RDS-DCP" Name="ahd_6463_risc_v.dcp"/>
  <File Type="RDS-UTIL-PB" Name="ahd_6463_risc_v_utilization_synth.pb"/>
  <File Type="PA-TCL" Name="ahd_6463_risc_v.tcl"/>
  <File Type="RDS-UTIL" Name="ahd_6463_risc_v_utilization_synth.rpt"/>
  <File Type="REPORTS-TCL" Name="ahd_6463_risc_v_reports.tcl"/>
  <File Type="RDS-RDS" Name="ahd_6463_risc_v.vds"/>
  <FileSet Name="sources" Type="DesignSrcs" RelSrcDir="$PSRCDIR/sources_1" RelGenDir="$PGENDIR/sources_1">
    <Filter Type="Srcs"/>
    <File Path="$PSRCDIR/sim_1/new/alu_base.v">
      <FileInfo>
        <Attr Name="ImportPath" Val="$PPRDIR/../../../../riscv_32I/riscv_32I.srcs/sim_1/new/alu_base.v"/>
        <Attr Name="ImportTime" Val="1698782972"/>
        <Attr Name="UsedIn" Val="synthesis"/>
        <Attr Name="UsedIn" Val="implementation"/>
        <Attr Name="UsedIn" Val="simulation"/>
      </FileInfo>
    </File>
    <File Path="$PSRCDIR/sim_1/new/mem_data.v">
      <FileInfo>
        <Attr Name="ImportPath" Val="$PPRDIR/../../../../riscv_32I/riscv_32I.srcs/sim_1/new/mem_data.v"/>
        <Attr Name="ImportTime" Val="1698782972"/>
        <Attr Name="UsedIn" Val="synthesis"/>
        <Attr Name="UsedIn" Val="implementation"/>
        <Attr Name="UsedIn" Val="simulation"/>
      </FileInfo>
    </File>
    <File Path="$PSRCDIR/sim_1/new/mem_instr.v">
      <FileInfo>
        <Attr Name="ImportPath" Val="$PPRDIR/../../../../riscv_32I/riscv_32I.srcs/sim_1/new/mem_instr.v"/>
        <Attr Name="ImportTime" Val="1698782972"/>
        <Attr Name="UsedIn" Val="synthesis"/>
        <Attr Name="UsedIn" Val="implementation"/>
        <Attr Name="UsedIn" Val="simulation"/>
      </FileInfo>
    </File>
    <File Path="$PSRCDIR/sim_1/new/reg_file.v">
      <FileInfo>
        <Attr Name="ImportPath" Val="$PPRDIR/../../../../riscv_32I/riscv_32I.srcs/sim_1/new/reg_file.v"/>
        <Attr Name="ImportTime" Val="1698799524"/>
        <Attr Name="UsedIn" Val="synthesis"/>
        <Attr Name="UsedIn" Val="implementation"/>
        <Attr Name="UsedIn" Val="simulation"/>
      </FileInfo>
    </File>
    <File Path="$PSRCDIR/sim_1/new/ahd_32i_risc_v.v">
      <FileInfo>
        <Attr Name="ImportPath" Val="$PPRDIR/../../../../riscv_32I/riscv_32I.srcs/sim_1/new/ahd_32i_risc_v.v"/>
        <Attr Name="ImportTime" Val="1698802748"/>
        <Attr Name="UsedIn" Val="synthesis"/>
        <Attr Name="UsedIn" Val="implementation"/>
        <Attr Name="UsedIn" Val="simulation"/>
      </FileInfo>
    </File>
    <Config>
      <Option Name="DesignMode" Val="RTL"/>
      <Option Name="TopModule" Val="ahd_6463_risc_v"/>
    </Config>
  </FileSet>
  <FileSet Name="constrs_in" Type="Constrs" RelSrcDir="$PSRCDIR/constrs_1" RelGenDir="$PGENDIR/constrs_1">
    <Filter Type="Constrs"/>
    <File Path="$PSRCDIR/constrs_1/new/constraints.xdc">
      <FileInfo>
        <Attr Name="UsedIn" Val="synthesis"/>
        <Attr Name="UsedIn" Val="implementation"/>
      </FileInfo>
    </File>
    <Config>
      <Option Name="ConstrsType" Val="XDC"/>
    </Config>
  </FileSet>
  <FileSet Name="utils" Type="Utils" RelSrcDir="$PSRCDIR/utils_1" RelGenDir="$PGENDIR/utils_1">
    <Filter Type="Utils"/>
    <File Path="$PSRCDIR/utils_1/imports/synth_1/ahd_6463_risc_v.dcp">
      <FileInfo>
        <Attr Name="UsedIn" Val="synthesis"/>
        <Attr Name="UsedIn" Val="implementation"/>
        <Attr Name="UsedInSteps" Val="synth_1"/>
        <Attr Name="AutoDcp" Val="1"/>
      </FileInfo>
    </File>
    <Config>
      <Option Name="TopAutoSet" Val="TRUE"/>
    </Config>
  </FileSet>
  <Strategy Version="1" Minor="2">
    <StratHandle Name="Vivado Synthesis Defaults" Flow="Vivado Synthesis 2023"/>
    <Step Id="synth_design"/>
  </Strategy>
</GenRun>
