<?xml version="1.0" encoding="UTF-8"?>
<GenRun Id="impl_1" LaunchPart="xc7a35tcpg236-3" LaunchTime="1700385618">
  <File Type="ROUTE-RQS-RPT" Name="route_report_qor_suggestions_0.rpt"/>
  <File Type="POSTROUTE-PHYSOPT-RQS" Name="ahd_6463_risc_v_postroute_physopted.rqs"/>
  <File Type="ROUTE-RQS" Name="ahd_6463_risc_v_routed.rqs"/>
  <File Type="RBD_FILE" Name="ahd_6463_risc_v.rbd"/>
  <File Type="NPI_FILE" Name="ahd_6463_risc_v.npi"/>
  <File Type="RNPI_FILE" Name="ahd_6463_risc_v.rnpi"/>
  <File Type="CFI_FILE" Name="ahd_6463_risc_v.cfi"/>
  <File Type="RCFI_FILE" Name="ahd_6463_risc_v.rcfi"/>
  <File Type="PL-PDI-FILE" Name="ahd_6463_risc_v_pld.pdi"/>
  <File Type="BOOT-PDI-FILE" Name="ahd_6463_risc_v_soc.pdi"/>
  <File Type="ROUTE-METHODOLOGY-DRC-RPX" Name="ahd_6463_risc_v_methodology_drc_routed.rpx"/>
  <File Type="ROUTE-DRC-RPX" Name="ahd_6463_risc_v_drc_routed.rpx"/>
  <File Type="ROUTE-METHODOLOGY-DRC-PB" Name="ahd_6463_risc_v_methodology_drc_routed.pb"/>
  <File Type="ROUTE-METHODOLOGY-DRC" Name="ahd_6463_risc_v_methodology_drc_routed.rpt"/>
  <File Type="POSTROUTE-PHYSOPT-BUS-SKEW-RPX" Name="ahd_6463_risc_v_bus_skew_postroute_physopted.rpx"/>
  <File Type="POSTROUTE-PHYSOPT-BUS-SKEW-PB" Name="ahd_6463_risc_v_bus_skew_postroute_physopted.pb"/>
  <File Type="POSTROUTE-PHYSOPT-BUS-SKEW" Name="ahd_6463_risc_v_bus_skew_postroute_physopted.rpt"/>
  <File Type="POSTROUTE-PHYSOPT-TIMING-RPX" Name="ahd_6463_risc_v_timing_summary_postroute_physopted.rpx"/>
  <File Type="POSTROUTE-PHYSOPT-TIMING-PB" Name="ahd_6463_risc_v_timing_summary_postroute_physopted.pb"/>
  <File Type="POSTROUTE-PHYSOPT-TIMING" Name="ahd_6463_risc_v_timing_summary_postroute_physopted.rpt"/>
  <File Type="POSTROUTE-PHYSOPT-BLACKBOX-DCP" Name="ahd_6463_risc_v_postroute_physopt_bb.dcp"/>
  <File Type="POSTROUTE-PHYSOPT-DCP" Name="ahd_6463_risc_v_postroute_physopt.dcp"/>
  <File Type="PHYSOPT-DCP" Name="ahd_6463_risc_v_physopt.dcp"/>
  <File Type="PLACE-IO" Name="ahd_6463_risc_v_io_placed.rpt"/>
  <File Type="OPT-DRC" Name="ahd_6463_risc_v_drc_opted.rpt"/>
  <File Type="BITSTR-LTX" Name="debug_nets.ltx"/>
  <File Type="BITSTR-LTX" Name="ahd_6463_risc_v.ltx"/>
  <File Type="BITSTR-SYSDEF" Name="ahd_6463_risc_v.sysdef"/>
  <File Type="BITSTR-MMI" Name="ahd_6463_risc_v.mmi"/>
  <File Type="BITSTR-BMM" Name="ahd_6463_risc_v_bd.bmm"/>
  <File Type="PLACE-UTIL-PB" Name="ahd_6463_risc_v_utilization_placed.pb"/>
  <File Type="BG-BGN" Name="ahd_6463_risc_v.bgn"/>
  <File Type="OPT-DCP" Name="ahd_6463_risc_v_opt.dcp"/>
  <File Type="OPT-HWDEF" Name="ahd_6463_risc_v.hwdef"/>
  <File Type="POSTROUTE-PHYSOPT-RQS-RPT" Name="postroute_physopt_report_qor_suggestions_0.rpt"/>
  <File Type="BG-BIT" Name="ahd_6463_risc_v.bit"/>
  <File Type="ROUTE-BUS-SKEW" Name="ahd_6463_risc_v_bus_skew_routed.rpt"/>
  <File Type="WBT-USG" Name="usage_statistics_webtalk.html"/>
  <File Type="PA-TCL" Name="ahd_6463_risc_v.tcl"/>
  <File Type="REPORTS-TCL" Name="ahd_6463_risc_v_reports.tcl"/>
  <File Type="PLACE-UTIL" Name="ahd_6463_risc_v_utilization_placed.rpt"/>
  <File Type="BG-DRC" Name="ahd_6463_risc_v.drc"/>
  <File Type="PLACE-CTRL" Name="ahd_6463_risc_v_control_sets_placed.rpt"/>
  <File Type="PDI-FILE" Name="ahd_6463_risc_v.pdi"/>
  <File Type="RDI-RDI" Name="ahd_6463_risc_v.vdi"/>
  <File Type="BG-BIN" Name="ahd_6463_risc_v.bin"/>
  <File Type="PLACE-DCP" Name="ahd_6463_risc_v_placed.dcp"/>
  <File Type="BITSTR-MSK" Name="ahd_6463_risc_v.msk"/>
  <File Type="PWROPT-DCP" Name="ahd_6463_risc_v_pwropt.dcp"/>
  <File Type="BITSTR-RBT" Name="ahd_6463_risc_v.rbt"/>
  <File Type="POSTPLACE-PWROPT-DCP" Name="ahd_6463_risc_v_postplace_pwropt.dcp"/>
  <File Type="BITSTR-NKY" Name="ahd_6463_risc_v.nky"/>
  <File Type="PLACE-PRE-SIMILARITY" Name="ahd_6463_risc_v_incremental_reuse_pre_placed.rpt"/>
  <File Type="ROUTE-DRC" Name="ahd_6463_risc_v_drc_routed.rpt"/>
  <File Type="ROUTE-DRC-PB" Name="ahd_6463_risc_v_drc_routed.pb"/>
  <File Type="ROUTE-PWR" Name="ahd_6463_risc_v_power_routed.rpt"/>
  <File Type="ROUTE-PWR-SUM" Name="ahd_6463_risc_v_power_summary_routed.pb"/>
  <File Type="ROUTE-PWR-RPX" Name="ahd_6463_risc_v_power_routed.rpx"/>
  <File Type="ROUTE-STATUS" Name="ahd_6463_risc_v_route_status.rpt"/>
  <File Type="ROUTE-STATUS-PB" Name="ahd_6463_risc_v_route_status.pb"/>
  <File Type="ROUTE-DCP" Name="ahd_6463_risc_v_routed.dcp"/>
  <File Type="ROUTE-ERROR-DCP" Name="ahd_6463_risc_v_routed_error.dcp"/>
  <File Type="ROUTE-BLACKBOX-DCP" Name="ahd_6463_risc_v_routed_bb.dcp"/>
  <File Type="ROUTE-TIMINGSUMMARY" Name="ahd_6463_risc_v_timing_summary_routed.rpt"/>
  <File Type="ROUTE-TIMING-PB" Name="ahd_6463_risc_v_timing_summary_routed.pb"/>
  <File Type="ROUTE-TIMING-RPX" Name="ahd_6463_risc_v_timing_summary_routed.rpx"/>
  <File Type="ROUTE-SIMILARITY" Name="ahd_6463_risc_v_incremental_reuse_routed.rpt"/>
  <File Type="ROUTE-CLK" Name="ahd_6463_risc_v_clock_utilization_routed.rpt"/>
  <File Type="ROUTE-BUS-SKEW-PB" Name="ahd_6463_risc_v_bus_skew_routed.pb"/>
  <File Type="ROUTE-BUS-SKEW-RPX" Name="ahd_6463_risc_v_bus_skew_routed.rpx"/>
  <FileSet Name="sources" Type="DesignSrcs" RelSrcDir="$PSRCDIR/sources_1" RelGenDir="$PGENDIR/sources_1">
    <Filter Type="Srcs"/>
    <File Path="$PSRCDIR/sim_1/new/alu_base.v">
      <FileInfo>
        <Attr Name="ImportPath" Val="$PPRDIR/../../../../riscv_32I/riscv_32I.srcs/sim_1/new/alu_base.v"/>
        <Attr Name="ImportTime" Val="1698782972"/>
        <Attr Name="UsedIn" Val="synthesis"/>
        <Attr Name="UsedIn" Val="implementation"/>
        <Attr Name="UsedIn" Val="simulation"/>
      </FileInfo>
    </File>
    <File Path="$PSRCDIR/sim_1/new/mem_data.v">
      <FileInfo>
        <Attr Name="ImportPath" Val="$PPRDIR/../../../../riscv_32I/riscv_32I.srcs/sim_1/new/mem_data.v"/>
        <Attr Name="ImportTime" Val="1698782972"/>
        <Attr Name="UsedIn" Val="synthesis"/>
        <Attr Name="UsedIn" Val="implementation"/>
        <Attr Name="UsedIn" Val="simulation"/>
      </FileInfo>
    </File>
    <File Path="$PSRCDIR/sim_1/new/mem_instr.v">
      <FileInfo>
        <Attr Name="ImportPath" Val="$PPRDIR/../../../../riscv_32I/riscv_32I.srcs/sim_1/new/mem_instr.v"/>
        <Attr Name="ImportTime" Val="1698782972"/>
        <Attr Name="UsedIn" Val="synthesis"/>
        <Attr Name="UsedIn" Val="implementation"/>
        <Attr Name="UsedIn" Val="simulation"/>
      </FileInfo>
    </File>
    <File Path="$PSRCDIR/sim_1/new/reg_file.v">
      <FileInfo>
        <Attr Name="ImportPath" Val="$PPRDIR/../../../../riscv_32I/riscv_32I.srcs/sim_1/new/reg_file.v"/>
        <Attr Name="ImportTime" Val="1698799524"/>
        <Attr Name="UsedIn" Val="synthesis"/>
        <Attr Name="UsedIn" Val="implementation"/>
        <Attr Name="UsedIn" Val="simulation"/>
      </FileInfo>
    </File>
    <File Path="$PSRCDIR/sim_1/new/ahd_32i_risc_v.v">
      <FileInfo>
        <Attr Name="ImportPath" Val="$PPRDIR/../../../../riscv_32I/riscv_32I.srcs/sim_1/new/ahd_32i_risc_v.v"/>
        <Attr Name="ImportTime" Val="1698802748"/>
        <Attr Name="UsedIn" Val="synthesis"/>
        <Attr Name="UsedIn" Val="implementation"/>
        <Attr Name="UsedIn" Val="simulation"/>
      </FileInfo>
    </File>
    <Config>
      <Option Name="DesignMode" Val="RTL"/>
      <Option Name="TopModule" Val="ahd_6463_risc_v"/>
    </Config>
  </FileSet>
  <FileSet Name="constrs_in" Type="Constrs" RelSrcDir="$PSRCDIR/constrs_1" RelGenDir="$PGENDIR/constrs_1">
    <Filter Type="Constrs"/>
    <File Path="$PSRCDIR/constrs_1/new/constraints.xdc">
      <FileInfo>
        <Attr Name="UsedIn" Val="synthesis"/>
        <Attr Name="UsedIn" Val="implementation"/>
      </FileInfo>
    </File>
    <Config>
      <Option Name="ConstrsType" Val="XDC"/>
    </Config>
  </FileSet>
  <FileSet Name="utils" Type="Utils" RelSrcDir="$PSRCDIR/utils_1" RelGenDir="$PGENDIR/utils_1">
    <Filter Type="Utils"/>
    <File Path="$PSRCDIR/utils_1/imports/synth_1/ahd_6463_risc_v.dcp">
      <FileInfo>
        <Attr Name="UsedIn" Val="synthesis"/>
        <Attr Name="UsedIn" Val="implementation"/>
        <Attr Name="UsedInSteps" Val="synth_1"/>
        <Attr Name="AutoDcp" Val="1"/>
      </FileInfo>
    </File>
    <Config>
      <Option Name="TopAutoSet" Val="TRUE"/>
    </Config>
  </FileSet>
  <Strategy Version="1" Minor="2">
    <StratHandle Name="Vivado Implementation Defaults" Flow="Vivado Implementation 2023"/>
    <Step Id="init_design"/>
    <Step Id="opt_design"/>
    <Step Id="power_opt_design"/>
    <Step Id="place_design"/>
    <Step Id="post_place_power_opt_design"/>
    <Step Id="phys_opt_design"/>
    <Step Id="route_design"/>
    <Step Id="post_route_phys_opt_design"/>
    <Step Id="write_bitstream"/>
    <Step Id="write_device_image"/>
  </Strategy>
</GenRun>
