<?xml version="1.0" encoding="UTF-8"?>
<spirit:component xmlns:xilinx="http://www.xilinx.com" xmlns:spirit="http://www.spiritconsortium.org/XMLSchema/SPIRIT/1685-2009" xmlns:xsi="http://www.w3.org/2001/XMLSchema-instance">
  <spirit:vendor>xilinx.com</spirit:vendor>
  <spirit:library>customized_ip</spirit:library>
  <spirit:name>design_1_sim_clk_gen_0_0</spirit:name>
  <spirit:version>1.0</spirit:version>
  <spirit:busInterfaces>
    <spirit:busInterface>
      <spirit:name>diff_clk</spirit:name>
      <spirit:busType spirit:vendor="xilinx.com" spirit:library="interface" spirit:name="diff_clock" spirit:version="1.0"/>
      <spirit:abstractionType spirit:vendor="xilinx.com" spirit:library="interface" spirit:name="diff_clock_rtl" spirit:version="1.0"/>
      <spirit:master/>
      <spirit:portMaps>
        <spirit:portMap>
          <spirit:logicalPort>
            <spirit:name>CLK_N</spirit:name>
          </spirit:logicalPort>
          <spirit:physicalPort>
            <spirit:name>clk_n</spirit:name>
          </spirit:physicalPort>
        </spirit:portMap>
        <spirit:portMap>
          <spirit:logicalPort>
            <spirit:name>CLK_P</spirit:name>
          </spirit:logicalPort>
          <spirit:physicalPort>
            <spirit:name>clk_p</spirit:name>
          </spirit:physicalPort>
        </spirit:portMap>
      </spirit:portMaps>
      <spirit:parameters>
        <spirit:parameter>
          <spirit:name>CAN_DEBUG</spirit:name>
          <spirit:value spirit:format="bool" spirit:resolve="generated" spirit:id="BUSIFPARAM_VALUE.DIFF_CLK.CAN_DEBUG">false</spirit:value>
          <spirit:vendorExtensions>
            <xilinx:parameterInfo>
              <xilinx:parameterUsage>none</xilinx:parameterUsage>
            </xilinx:parameterInfo>
          </spirit:vendorExtensions>
        </spirit:parameter>
        <spirit:parameter>
          <spirit:name>FREQ_HZ</spirit:name>
          <spirit:value spirit:format="long" spirit:resolve="generated" spirit:id="BUSIFPARAM_VALUE.DIFF_CLK.FREQ_HZ">100000000</spirit:value>
          <spirit:vendorExtensions>
            <xilinx:parameterInfo>
              <xilinx:parameterUsage>none</xilinx:parameterUsage>
            </xilinx:parameterInfo>
          </spirit:vendorExtensions>
        </spirit:parameter>
      </spirit:parameters>
      <spirit:vendorExtensions>
        <xilinx:busInterfaceInfo>
          <xilinx:enablement>
            <xilinx:isEnabled xilinx:resolve="dependent" xilinx:id="BUSIF_ENABLEMENT.diff_clk" xilinx:dependency="spirit:decode(id(&apos;PARAM_VALUE.CLOCK_TYPE&apos;)) = &quot;Differential&quot;">false</xilinx:isEnabled>
          </xilinx:enablement>
        </xilinx:busInterfaceInfo>
      </spirit:vendorExtensions>
    </spirit:busInterface>
    <spirit:busInterface>
      <spirit:name>clk</spirit:name>
      <spirit:busType spirit:vendor="xilinx.com" spirit:library="signal" spirit:name="clock" spirit:version="1.0"/>
      <spirit:abstractionType spirit:vendor="xilinx.com" spirit:library="signal" spirit:name="clock_rtl" spirit:version="1.0"/>
      <spirit:master/>
      <spirit:portMaps>
        <spirit:portMap>
          <spirit:logicalPort>
            <spirit:name>CLK</spirit:name>
          </spirit:logicalPort>
          <spirit:physicalPort>
            <spirit:name>clk</spirit:name>
          </spirit:physicalPort>
        </spirit:portMap>
      </spirit:portMaps>
      <spirit:parameters>
        <spirit:parameter>
          <spirit:name>ASSOCIATED_RESET</spirit:name>
          <spirit:value spirit:id="BUSIFPARAM_VALUE.CLK.ASSOCIATED_RESET">sync_rst</spirit:value>
        </spirit:parameter>
        <spirit:parameter>
          <spirit:name>FREQ_HZ</spirit:name>
          <spirit:value spirit:format="long" spirit:resolve="generated" spirit:id="BUSIFPARAM_VALUE.CLK.FREQ_HZ">100000000</spirit:value>
          <spirit:vendorExtensions>
            <xilinx:parameterInfo>
              <xilinx:parameterUsage>none</xilinx:parameterUsage>
            </xilinx:parameterInfo>
          </spirit:vendorExtensions>
        </spirit:parameter>
        <spirit:parameter>
          <spirit:name>FREQ_TOLERANCE_HZ</spirit:name>
          <spirit:value spirit:format="long" spirit:resolve="generated" spirit:id="BUSIFPARAM_VALUE.CLK.FREQ_TOLERANCE_HZ">0</spirit:value>
          <spirit:vendorExtensions>
            <xilinx:parameterInfo>
              <xilinx:parameterUsage>none</xilinx:parameterUsage>
            </xilinx:parameterInfo>
          </spirit:vendorExtensions>
        </spirit:parameter>
        <spirit:parameter>
          <spirit:name>PHASE</spirit:name>
          <spirit:value spirit:format="float" spirit:resolve="generated" spirit:id="BUSIFPARAM_VALUE.CLK.PHASE">0.0</spirit:value>
          <spirit:vendorExtensions>
            <xilinx:parameterInfo>
              <xilinx:parameterUsage>none</xilinx:parameterUsage>
            </xilinx:parameterInfo>
          </spirit:vendorExtensions>
        </spirit:parameter>
        <spirit:parameter>
          <spirit:name>CLK_DOMAIN</spirit:name>
          <spirit:value spirit:resolve="generated" spirit:id="BUSIFPARAM_VALUE.CLK.CLK_DOMAIN">design_1_sim_clk_gen_0_0_clk</spirit:value>
          <spirit:vendorExtensions>
            <xilinx:parameterInfo>
              <xilinx:parameterUsage>none</xilinx:parameterUsage>
            </xilinx:parameterInfo>
          </spirit:vendorExtensions>
        </spirit:parameter>
        <spirit:parameter>
          <spirit:name>ASSOCIATED_BUSIF</spirit:name>
          <spirit:value spirit:resolve="generated" spirit:id="BUSIFPARAM_VALUE.CLK.ASSOCIATED_BUSIF"/>
          <spirit:vendorExtensions>
            <xilinx:parameterInfo>
              <xilinx:parameterUsage>none</xilinx:parameterUsage>
            </xilinx:parameterInfo>
          </spirit:vendorExtensions>
        </spirit:parameter>
        <spirit:parameter>
          <spirit:name>ASSOCIATED_PORT</spirit:name>
          <spirit:value spirit:resolve="generated" spirit:id="BUSIFPARAM_VALUE.CLK.ASSOCIATED_PORT"/>
          <spirit:vendorExtensions>
            <xilinx:parameterInfo>
              <xilinx:parameterUsage>none</xilinx:parameterUsage>
            </xilinx:parameterInfo>
          </spirit:vendorExtensions>
        </spirit:parameter>
        <spirit:parameter>
          <spirit:name>INSERT_VIP</spirit:name>
          <spirit:value spirit:format="long" spirit:resolve="user" spirit:id="BUSIFPARAM_VALUE.CLK.INSERT_VIP">0</spirit:value>
          <spirit:vendorExtensions>
            <xilinx:parameterInfo>
              <xilinx:parameterUsage>simulation.rtl</xilinx:parameterUsage>
            </xilinx:parameterInfo>
          </spirit:vendorExtensions>
        </spirit:parameter>
      </spirit:parameters>
      <spirit:vendorExtensions>
        <xilinx:busInterfaceInfo>
          <xilinx:enablement>
            <xilinx:isEnabled xilinx:resolve="dependent" xilinx:id="BUSIF_ENABLEMENT.clk" xilinx:dependency="spirit:decode(id(&apos;PARAM_VALUE.CLOCK_TYPE&apos;)) = &quot;Single_Ended&quot;">true</xilinx:isEnabled>
          </xilinx:enablement>
        </xilinx:busInterfaceInfo>
      </spirit:vendorExtensions>
    </spirit:busInterface>
    <spirit:busInterface>
      <spirit:name>sync_rst</spirit:name>
      <spirit:busType spirit:vendor="xilinx.com" spirit:library="signal" spirit:name="reset" spirit:version="1.0"/>
      <spirit:abstractionType spirit:vendor="xilinx.com" spirit:library="signal" spirit:name="reset_rtl" spirit:version="1.0"/>
      <spirit:master/>
      <spirit:portMaps>
        <spirit:portMap>
          <spirit:logicalPort>
            <spirit:name>RST</spirit:name>
          </spirit:logicalPort>
          <spirit:physicalPort>
            <spirit:name>sync_rst</spirit:name>
          </spirit:physicalPort>
        </spirit:portMap>
      </spirit:portMaps>
      <spirit:parameters>
        <spirit:parameter>
          <spirit:name>POLARITY</spirit:name>
          <spirit:value spirit:resolve="generated" spirit:id="BUSIFPARAM_VALUE.SYNC_RST.POLARITY">ACTIVE_LOW</spirit:value>
          <spirit:vendorExtensions>
            <xilinx:parameterInfo>
              <xilinx:parameterUsage>none</xilinx:parameterUsage>
            </xilinx:parameterInfo>
          </spirit:vendorExtensions>
        </spirit:parameter>
        <spirit:parameter>
          <spirit:name>INSERT_VIP</spirit:name>
          <spirit:value spirit:format="long" spirit:resolve="user" spirit:id="BUSIFPARAM_VALUE.SYNC_RST.INSERT_VIP">0</spirit:value>
          <spirit:vendorExtensions>
            <xilinx:parameterInfo>
              <xilinx:parameterUsage>simulation.rtl</xilinx:parameterUsage>
            </xilinx:parameterInfo>
          </spirit:vendorExtensions>
        </spirit:parameter>
      </spirit:parameters>
      <spirit:vendorExtensions>
        <xilinx:busInterfaceInfo>
          <xilinx:enablement>
            <xilinx:isEnabled xilinx:resolve="dependent" xilinx:id="BUSIF_ENABLEMENT.sync_rst" xilinx:dependency="spirit:decode(id(&apos;PARAM_VALUE.CLOCK_TYPE&apos;)) = &quot;Single_Ended&quot;">true</xilinx:isEnabled>
          </xilinx:enablement>
        </xilinx:busInterfaceInfo>
      </spirit:vendorExtensions>
    </spirit:busInterface>
  </spirit:busInterfaces>
  <spirit:model>
    <spirit:ports>
      <spirit:port>
        <spirit:name>clk</spirit:name>
        <spirit:wire>
          <spirit:direction>out</spirit:direction>
          <spirit:wireTypeDefs>
            <spirit:wireTypeDef>
              <spirit:typeName>reg</spirit:typeName>
              <spirit:viewNameRef>dummy_view</spirit:viewNameRef>
            </spirit:wireTypeDef>
          </spirit:wireTypeDefs>
        </spirit:wire>
        <spirit:vendorExtensions>
          <xilinx:portInfo>
            <xilinx:enablement>
              <xilinx:isEnabled xilinx:resolve="dependent" xilinx:id="PORT_ENABLEMENT.clk" xilinx:dependency="spirit:decode(id(&apos;PARAM_VALUE.CLOCK_TYPE&apos;)) = &quot;Single_Ended&quot;">true</xilinx:isEnabled>
            </xilinx:enablement>
          </xilinx:portInfo>
        </spirit:vendorExtensions>
      </spirit:port>
      <spirit:port>
        <spirit:name>clk_n</spirit:name>
        <spirit:wire>
          <spirit:direction>out</spirit:direction>
          <spirit:wireTypeDefs>
            <spirit:wireTypeDef>
              <spirit:typeName>reg</spirit:typeName>
              <spirit:viewNameRef>dummy_view</spirit:viewNameRef>
            </spirit:wireTypeDef>
          </spirit:wireTypeDefs>
        </spirit:wire>
        <spirit:vendorExtensions>
          <xilinx:portInfo>
            <xilinx:enablement>
              <xilinx:isEnabled xilinx:id="PORT_ENABLEMENT.clk_n">false</xilinx:isEnabled>
            </xilinx:enablement>
          </xilinx:portInfo>
        </spirit:vendorExtensions>
      </spirit:port>
      <spirit:port>
        <spirit:name>clk_p</spirit:name>
        <spirit:wire>
          <spirit:direction>out</spirit:direction>
          <spirit:wireTypeDefs>
            <spirit:wireTypeDef>
              <spirit:typeName>reg</spirit:typeName>
              <spirit:viewNameRef>dummy_view</spirit:viewNameRef>
            </spirit:wireTypeDef>
          </spirit:wireTypeDefs>
        </spirit:wire>
        <spirit:vendorExtensions>
          <xilinx:portInfo>
            <xilinx:enablement>
              <xilinx:isEnabled xilinx:id="PORT_ENABLEMENT.clk_p">false</xilinx:isEnabled>
            </xilinx:enablement>
          </xilinx:portInfo>
        </spirit:vendorExtensions>
      </spirit:port>
      <spirit:port>
        <spirit:name>sync_rst</spirit:name>
        <spirit:wire>
          <spirit:direction>out</spirit:direction>
          <spirit:wireTypeDefs>
            <spirit:wireTypeDef>
              <spirit:typeName>reg</spirit:typeName>
              <spirit:viewNameRef>dummy_view</spirit:viewNameRef>
            </spirit:wireTypeDef>
          </spirit:wireTypeDefs>
        </spirit:wire>
        <spirit:vendorExtensions>
          <xilinx:portInfo>
            <xilinx:enablement>
              <xilinx:isEnabled xilinx:resolve="dependent" xilinx:id="PORT_ENABLEMENT.sync_rst" xilinx:dependency="spirit:decode(id(&apos;PARAM_VALUE.CLOCK_TYPE&apos;)) = &quot;Single_Ended&quot;">true</xilinx:isEnabled>
            </xilinx:enablement>
          </xilinx:portInfo>
        </spirit:vendorExtensions>
      </spirit:port>
    </spirit:ports>
    <spirit:modelParameters>
      <spirit:modelParameter xsi:type="spirit:nameValueTypeType">
        <spirit:name>CLOCK_TYPE</spirit:name>
        <spirit:value spirit:resolve="generated" spirit:id="MODELPARAM_VALUE.CLOCK_TYPE" spirit:choiceRef="choice_list_ce660646">Single_Ended</spirit:value>
        <spirit:vendorExtensions>
          <xilinx:parameterInfo>
            <xilinx:parameterUsage>simulation.tlm</xilinx:parameterUsage>
          </xilinx:parameterInfo>
        </spirit:vendorExtensions>
      </spirit:modelParameter>
      <spirit:modelParameter spirit:dataType="integer">
        <spirit:name>CLOCK_PERIOD</spirit:name>
        <spirit:displayName>Clock Period</spirit:displayName>
        <spirit:value spirit:format="float" spirit:resolve="generated" spirit:id="MODELPARAM_VALUE.CLOCK_PERIOD">10</spirit:value>
      </spirit:modelParameter>
      <spirit:modelParameter spirit:dataType="integer">
        <spirit:name>INITIAL_RESET_CLOCK_CYCLES</spirit:name>
        <spirit:displayName>Initial Reset Clock Cycles</spirit:displayName>
        <spirit:value spirit:format="long" spirit:resolve="generated" spirit:id="MODELPARAM_VALUE.INITIAL_RESET_CLOCK_CYCLES">100</spirit:value>
        <spirit:vendorExtensions>
          <xilinx:parameterInfo>
            <xilinx:enablement>
              <xilinx:isEnabled xilinx:id="MODELPARAM_ENABLEMENT.INITIAL_RESET_CLOCK_CYCLES">false</xilinx:isEnabled>
            </xilinx:enablement>
          </xilinx:parameterInfo>
        </spirit:vendorExtensions>
      </spirit:modelParameter>
      <spirit:modelParameter spirit:dataType="integer">
        <spirit:name>CLOCK_CYCLES_BEFORE_SHUTDOWN</spirit:name>
        <spirit:displayName>Clock Cycles before shuttingdown clock</spirit:displayName>
        <spirit:value spirit:format="long" spirit:resolve="generated" spirit:id="MODELPARAM_VALUE.CLOCK_CYCLES_BEFORE_SHUTDOWN">0</spirit:value>
      </spirit:modelParameter>
      <spirit:modelParameter spirit:dataType="integer">
        <spirit:name>RESET_POLARITY</spirit:name>
        <spirit:displayName>Reset Polarity</spirit:displayName>
        <spirit:value spirit:format="long" spirit:resolve="generated" spirit:id="MODELPARAM_VALUE.RESET_POLARITY">0</spirit:value>
        <spirit:vendorExtensions>
          <xilinx:parameterInfo>
            <xilinx:enablement>
              <xilinx:isEnabled xilinx:id="MODELPARAM_ENABLEMENT.RESET_POLARITY">false</xilinx:isEnabled>
            </xilinx:enablement>
          </xilinx:parameterInfo>
        </spirit:vendorExtensions>
      </spirit:modelParameter>
    </spirit:modelParameters>
  </spirit:model>
  <spirit:choices>
    <spirit:choice>
      <spirit:name>choice_list_9d8b0d81</spirit:name>
      <spirit:enumeration>ACTIVE_HIGH</spirit:enumeration>
      <spirit:enumeration>ACTIVE_LOW</spirit:enumeration>
    </spirit:choice>
    <spirit:choice>
      <spirit:name>choice_list_ce660646</spirit:name>
      <spirit:enumeration>Single_Ended</spirit:enumeration>
      <spirit:enumeration>Differential</spirit:enumeration>
    </spirit:choice>
  </spirit:choices>
  <spirit:description>Simulation only CLOCK Generator. The core generates Differential or Single Ended clock signal.</spirit:description>
  <spirit:parameters>
    <spirit:parameter>
      <spirit:name>INITIAL_RESET_CLOCK_CYCLES</spirit:name>
      <spirit:displayName>Initial Reset Clock Cycles</spirit:displayName>
      <spirit:value spirit:format="long" spirit:resolve="user" spirit:id="PARAM_VALUE.INITIAL_RESET_CLOCK_CYCLES" spirit:order="1200" spirit:configGroups="0 UnGrouped textEdit" spirit:minimum="0" spirit:maximum="10000" spirit:rangeType="long">100</spirit:value>
      <spirit:vendorExtensions>
        <xilinx:parameterInfo>
          <xilinx:enablement>
            <xilinx:isEnabled xilinx:resolve="generated" xilinx:id="PARAM_ENABLEMENT.INITIAL_RESET_CLOCK_CYCLES">true</xilinx:isEnabled>
          </xilinx:enablement>
        </xilinx:parameterInfo>
      </spirit:vendorExtensions>
    </spirit:parameter>
    <spirit:parameter>
      <spirit:name>CLOCK_CYCLES_BEFORE_SHUTDOWN</spirit:name>
      <spirit:displayName>Number of Clock Cycles before turning off clock</spirit:displayName>
      <spirit:value spirit:format="long" spirit:resolve="user" spirit:id="PARAM_VALUE.CLOCK_CYCLES_BEFORE_SHUTDOWN" spirit:order="1201" spirit:minimum="0" spirit:maximum="10000" spirit:rangeType="long">0</spirit:value>
    </spirit:parameter>
    <spirit:parameter>
      <spirit:name>Component_Name</spirit:name>
      <spirit:value spirit:resolve="user" spirit:id="PARAM_VALUE.Component_Name" spirit:order="1">design_1_sim_clk_gen_0_0</spirit:value>
    </spirit:parameter>
    <spirit:parameter>
      <spirit:name>CLOCK_TYPE</spirit:name>
      <spirit:displayName>Clock Type</spirit:displayName>
      <spirit:value spirit:resolve="user" spirit:id="PARAM_VALUE.CLOCK_TYPE" spirit:choiceRef="choice_list_ce660646" spirit:order="2" spirit:configGroups="0 UnGrouped radioGroup">Single_Ended</spirit:value>
    </spirit:parameter>
    <spirit:parameter>
      <spirit:name>RESET_POLARITY</spirit:name>
      <spirit:displayName>Reset Polarity</spirit:displayName>
      <spirit:value spirit:resolve="user" spirit:id="PARAM_VALUE.RESET_POLARITY" spirit:choiceRef="choice_list_9d8b0d81" spirit:order="3" spirit:configGroups="0 UnGrouped radioGroup">ACTIVE_LOW</spirit:value>
      <spirit:vendorExtensions>
        <xilinx:parameterInfo>
          <xilinx:enablement>
            <xilinx:isEnabled xilinx:resolve="generated" xilinx:id="PARAM_ENABLEMENT.RESET_POLARITY">true</xilinx:isEnabled>
          </xilinx:enablement>
        </xilinx:parameterInfo>
      </spirit:vendorExtensions>
    </spirit:parameter>
    <spirit:parameter>
      <spirit:name>FREQ_HZ</spirit:name>
      <spirit:displayName>Clock Frequency (Hz)</spirit:displayName>
      <spirit:value spirit:format="float" spirit:resolve="user" spirit:id="PARAM_VALUE.FREQ_HZ" spirit:order="4" spirit:configGroups="0 UnGrouped textEdit">100000000</spirit:value>
    </spirit:parameter>
  </spirit:parameters>
  <spirit:vendorExtensions>
    <xilinx:coreExtensions>
      <xilinx:displayName>Simulation Clock Generator</xilinx:displayName>
      <xilinx:systemCLibraries>
        <xilinx:systemCLibrary>xtlm</xilinx:systemCLibrary>
      </xilinx:systemCLibraries>
      <xilinx:coreRevision>3</xilinx:coreRevision>
      <xilinx:configElementInfos>
        <xilinx:configElementInfo xilinx:referenceId="BUSIFPARAM_VALUE.CLK.ASSOCIATED_BUSIF" xilinx:valuePermission="bd"/>
        <xilinx:configElementInfo xilinx:referenceId="BUSIFPARAM_VALUE.CLK.ASSOCIATED_PORT" xilinx:valuePermission="bd"/>
        <xilinx:configElementInfo xilinx:referenceId="BUSIFPARAM_VALUE.CLK.ASSOCIATED_RESET" xilinx:valuePermission="bd"/>
        <xilinx:configElementInfo xilinx:referenceId="BUSIFPARAM_VALUE.CLK.CLK_DOMAIN" xilinx:valuePermission="bd"/>
        <xilinx:configElementInfo xilinx:referenceId="BUSIFPARAM_VALUE.CLK.FREQ_HZ" xilinx:valueSource="user" xilinx:valuePermission="bd"/>
        <xilinx:configElementInfo xilinx:referenceId="BUSIFPARAM_VALUE.CLK.FREQ_TOLERANCE_HZ" xilinx:valuePermission="bd"/>
        <xilinx:configElementInfo xilinx:referenceId="BUSIFPARAM_VALUE.CLK.PHASE" xilinx:valuePermission="bd"/>
        <xilinx:configElementInfo xilinx:referenceId="BUSIFPARAM_VALUE.SYNC_RST.POLARITY" xilinx:valueSource="user" xilinx:valuePermission="bd"/>
      </xilinx:configElementInfos>
    </xilinx:coreExtensions>
    <xilinx:packagingInfo>
      <xilinx:xilinxVersion>2023.1</xilinx:xilinxVersion>
      <xilinx:checksum xilinx:scope="busInterfaces" xilinx:value="b0450a05"/>
      <xilinx:checksum xilinx:scope="fileGroups" xilinx:value="4ca17533"/>
      <xilinx:checksum xilinx:scope="ports" xilinx:value="67a3b403"/>
      <xilinx:checksum xilinx:scope="hdlParameters" xilinx:value="854a8227"/>
      <xilinx:checksum xilinx:scope="parameters" xilinx:value="7f1794cb"/>
    </xilinx:packagingInfo>
  </spirit:vendorExtensions>
</spirit:component>
